{
  "config": {
    "samples": 500,
    "epsilon": 20.0,
    "delta": 0.0001,
    "composition": "advanced",
    "iterations": 20,
    "population": 4,
    "seed": 42
  },
  "privacy": {
    "epsilon_consumed": 19.67711809656522,
    "delta_consumed": 5.625000000000001e-05,
    "epsilon_remaining": 0.32288190343478007
  },
  "performance": {
    "initial_score": 0.5278853596915767,
    "final_score": 0.561425654654876,
    "improvement": 0.033540294963299355,
    "improvement_percent": 6.353708120053883,
    "iteration_scores": [
      0.5278853596915767,
      0.5010710576206725,
      0.4053071939367727,
      0.4397675301373297,
      0.5299768875559047,
      0.5089882961206433,
      0.44408812440813933,
      0.5178531367751817,
      0.5618860913355653,
      0.4012997519356122,
      0.5611638503665616,
      0.5396278789976454,
      0.46805010330359836,
      0.4310958999623563,
      0.5914426144413563,
      0.4673189090225254,
      0.4185491686760296,
      0.4193432753666928,
      0.569498873269492,
      0.5207452062733782,
      0.561425654654876
    ]
  },
  "runtime": {
    "total_seconds": 0.038500070571899414,
    "seconds_per_iteration": 0.0019250035285949707
  }
}